,id,firstName,lastName,email,password
0,0,Louis,Abraham,louis.abraham@example.com,twister
1,1,Annabelle,Singh,annabelle.singh@example.com,another
2,2,Alexandre,Walker,alexandre.walker@example.com,toolman
3,3,Matthew,Anderson,matthew.anderson@example.com,pierce
4,4,Gabrielle,Anderson,gabrielle.anderson@example.com,rong
5,5,Florence,Jones,florence.jones@example.com,lucky13
6,6,Madison,French,madison.french@example.com,cougars
7,7,Hailey,Sirko,hailey.sirko@example.com,bigred
8,8,Florence,Kowalski,florence.kowalski@example.com,sticks
9,9,Elizabeth,Bouchard,elizabeth.bouchard@example.com,heng
10,10,Jade,Gagnon,jade.gagnon@example.com,hott
11,11,Olivier,Wilson,olivier.wilson@example.com,slapshot
12,12,Alexis,Sirko,alexis.sirko@example.com,casper
13,13,Tristan,Singh,tristan.singh@example.com,sabine
14,14,Gabriel,Gauthier,gabriel.gauthier@example.com,research
15,15,Marilou,Roy,marilou.roy@example.com,benny1
16,16,Jade,Slawa,jade.slawa@example.com,gangster
17,17,Jacob,Ouellet,jacob.ouellet@example.com,broadway
18,18,Alexis,Smith,alexis.smith@example.com,tester
19,19,Antoine,Gagné,antoine.gagne@example.com,mountain
20,20,Ryder,Chan,ryder.chan@example.com,buceta
21,21,Charles,Lavigne,charles.lavigne@example.com,dabomb
22,22,Felix,Claire,felix.claire@example.com,margaret
23,23,Elliot,Bouchard,elliot.bouchard@example.com,ludwig
24,24,Elizabeth,Claire,elizabeth.claire@example.com,kkkkkk
25,25,Marilou,Bergeron,marilou.bergeron@example.com,meng
26,26,Oliver,Liu,oliver.liu@example.com,sharon
27,27,Sofia,Lo,sofia.lo@example.com,trample
28,28,Amelia,Walker,amelia.walker@example.com,pudding
29,29,Oliver,Lam,oliver.lam@example.com,hehehe
30,30,William,Brown,william.brown@example.com,8888
31,31,Maeva,Martin,maeva.martin@example.com,samurai
32,32,Rose,Scott,rose.scott@example.com,mellon
33,33,Olivier,Brar,olivier.brar@example.com,flasher
34,34,Amy,Singh,amy.singh@example.com,monk
35,35,Justin,Chan,justin.chan@example.com,brigitte
36,36,Owen,Denys,owen.denys@example.com,zodiac
37,37,Harper,Gagné,harper.gagne@example.com,marvin
38,38,Aubree,Roy,aubree.roy@example.com,galary
39,39,Isabella,Park,isabella.park@example.com,poochie
40,40,Dominic,Johnson,dominic.johnson@example.com,written
41,41,Hailey,Ennis,hailey.ennis@example.com,account
42,42,Logan,Gill,logan.gill@example.com,powers
43,43,Anthony,Gagné,anthony.gagne@example.com,barry
44,44,Madison,Côté,madison.cote@example.com,jillian
45,45,Jacob,Côté,jacob.cote@example.com,maker
46,46,Oliver,Harcourt,oliver.harcourt@example.com,toyota
47,47,Malik,Chan,malik.chan@example.com,windsurf
48,48,Olivia,Lo,olivia.lo@example.com,koolaid
49,49,Addison,Williams,addison.williams@example.com,everton
50,50,Jeanne,Margaret,jeanne.margaret@example.com,trout
51,51,Jeanne,Wilson,jeanne.wilson@example.com,2000
52,52,Mason,Miller,mason.miller@example.com,dawn
53,53,Lily,Jones,lily.jones@example.com,nate
54,54,Alexis,Taylor,alexis.taylor@example.com,quan
55,55,Mason,Côté,mason.cote@example.com,ripley
56,56,Etienne,Clark,etienne.clark@example.com,titan
57,57,Nathan,Harris,nathan.harris@example.com,sixsix
58,58,Eva,Smith,eva.smith@example.com,junior1
59,59,Marianne,Côté,marianne.cote@example.com,4242
60,60,Hannah,Ma,hannah.ma@example.com,lynn
61,61,Matthew,Ambrose,matthew.ambrose@example.com,tiberius
62,62,Vincent,Ginnish,vincent.ginnish@example.com,shuai
63,63,Nathan,Kowalski,nathan.kowalski@example.com,1944
64,64,Matthew,Sirko,matthew.sirko@example.com,threesom
65,65,Jasmine,Harris,jasmine.harris@example.com,pa55w0rd
66,66,Marianne,Gagné,marianne.gagne@example.com,farmer
67,67,Mathis,Jones,mathis.jones@example.com,security
68,68,Emma,Côté,emma.cote@example.com,18436572
69,69,Zackary,Addy,zackary.addy@example.com,bonita
70,70,Alexander,Mackay,alexander.mackay@example.com,1978
71,71,Victor,Lavoie,victor.lavoie@example.com,george1
72,72,Sarah,Roy,sarah.roy@example.com,1001
73,73,Mathis,Martin,mathis.martin@example.com,bologna
74,74,Adam,Margaret,adam.margaret@example.com,painting
75,75,Jayden,Miller,jayden.miller@example.com,virgin
76,76,Melodie,Campbell,melodie.campbell@example.com,roberta
77,77,Marilou,Anderson,marilou.anderson@example.com,proxy
78,78,Dylan,Wong,dylan.wong@example.com,lesbean
79,79,Brielle,Margaret,brielle.margaret@example.com,frozen
80,80,Delphine,Roy,delphine.roy@example.com,angelica
81,81,Alexandre,Jones,alexandre.jones@example.com,supernov
82,82,Leanne,Grewal,leanne.grewal@example.com,babylon5
83,83,Emile,Walker,emile.walker@example.com,frosty
84,84,Alexander,Singh,alexander.singh@example.com,lenny
85,85,Alicia,Morin,alicia.morin@example.com,astro
86,86,Louis,Liu,louis.liu@example.com,aaaaaa1
87,87,Ryder,Chan,ryder.chan@example.com,getmoney
88,88,Elizabeth,Margaret,elizabeth.margaret@example.com,sting
89,89,Arnaud,Grewal,arnaud.grewal@example.com,bread
90,90,Leo,Martin,leo.martin@example.com,referee
91,91,Megan,Chu,megan.chu@example.com,alice
92,92,Elliot,Lavigne,elliot.lavigne@example.com,1222
93,93,Alice,White,alice.white@example.com,casanova
94,94,Ariane,Morin,ariane.morin@example.com,select
95,95,James,Harris,james.harris@example.com,lauren
96,96,Sofia,Addy,sofia.addy@example.com,listen
97,97,Olivier,Chan,olivier.chan@example.com,quick
98,98,Emily,Brown,emily.brown@example.com,bigmoney
99,99,Lucas,Lam,lucas.lam@example.com,highbury
